DK-HR7bBggb,2025-06-16
DK7k9XHBwTz,2025-06-15
DK7ktVTBDOC,2025-06-14
DK2X1j7I08C,2025-06-13
DKz2c43IMVe,2025-06-12
DKxLvb8B1Ap,2025-06-11
DKutXGEhhcp,2025-06-10
DKsHhvaBa0e,2025-06-09
DKpc1gBBlZ_,2025-06-08
DKm25s4tcqx,2025-06-07
DKkY5B0I9nQ,2025-06-06
DKh0GwAhMwP,2025-06-05
DKfK-PehHCM,2025-06-04
DKdrxrlqr8a,2025-06-03
DKcoyYyhyic,2025-06-02
DKaErB3hzpr,2025-06-01
DKXfbGQBKa3,2025-05-31
DKUxxlJIuT4,2025-05-30
DKSVgLWIiL0,2025-05-29
DKPq6FII-pM,2025-05-28
DKNIceMo3FP,2025-05-27
DKKlmCKoKDZ,2025-05-26
DKH6-sxBx0L,2025-05-25
