web-scraper-order,web-scraper-start-url,postid-link,postid-link-href
"1750160866-1","https://www.instagram.com/wheremylifegoess","","https://www.instagram.com/wheremylifegoess/"
"1750160866-2","https://www.instagram.com/wheremylifegoess","Carousel","https://www.instagram.com/wheremylifegoess/p/DK-HR7bBggb/"
"1750160866-3","https://www.instagram.com/wheremylifegoess","Carousel","https://www.instagram.com/wheremylifegoess/p/DK7k9XHBwTz/"
"1750160866-4","https://www.instagram.com/wheremylifegoess","Carousel","https://www.instagram.com/wheremylifegoess/p/DK7ktVTBDOC/"
"1750160866-5","https://www.instagram.com/wheremylifegoess","Carousel","https://www.instagram.com/wheremylifegoess/p/DK2X1j7I08C/"
"1750160866-6","https://www.instagram.com/wheremylifegoess","Carousel","https://www.instagram.com/wheremylifegoess/p/DKz2c43IMVe/"
"1750160866-7","https://www.instagram.com/wheremylifegoess","Carousel","https://www.instagram.com/wheremylifegoess/p/DKxLvb8B1Ap/"
"1750160866-8","https://www.instagram.com/wheremylifegoess","","https://www.instagram.com/wheremylifegoess/p/DKutXGEhhcp/"
"1750160866-9","https://www.instagram.com/wheremylifegoess","Carousel","https://www.instagram.com/wheremylifegoess/p/DKsHhvaBa0e/"
"1750160866-10","https://www.instagram.com/wheremylifegoess","Carousel","https://www.instagram.com/wheremylifegoess/p/DKpc1gBBlZ_/"
"1750160866-11","https://www.instagram.com/wheremylifegoess","Carousel","https://www.instagram.com/wheremylifegoess/p/DKm25s4tcqx/"
"1750160866-12","https://www.instagram.com/wheremylifegoess","Carousel","https://www.instagram.com/wheremylifegoess/p/DKkY5B0I9nQ/"
"1750160866-13","https://www.instagram.com/wheremylifegoess","Carousel","https://www.instagram.com/wheremylifegoess/p/DKh0GwAhMwP/"
"1750160866-14","https://www.instagram.com/wheremylifegoess","Carousel0","https://www.instagram.com/wheremylifegoess/p/DKfK-PehHCM/"
"1750160866-15","https://www.instagram.com/wheremylifegoess","Clip","https://www.instagram.com/wheremylifegoess/reel/DKdrxrlqr8a/"
"1750160866-16","https://www.instagram.com/wheremylifegoess","","https://www.instagram.com/wheremylifegoess/p/DKcoyYyhyic/"
"1750160866-17","https://www.instagram.com/wheremylifegoess","Carousel","https://www.instagram.com/wheremylifegoess/p/DKaErB3hzpr/"
"1750160866-18","https://www.instagram.com/wheremylifegoess","","https://www.instagram.com/wheremylifegoess/p/DKXfbGQBKa3/"
"1750160866-19","https://www.instagram.com/wheremylifegoess","Carousel","https://www.instagram.com/wheremylifegoess/p/DKUxxlJIuT4/"
"1750160866-20","https://www.instagram.com/wheremylifegoess","Carousel","https://www.instagram.com/wheremylifegoess/p/DKSVgLWIiL0/"
"1750160866-21","https://www.instagram.com/wheremylifegoess","Carousel","https://www.instagram.com/wheremylifegoess/p/DKPq6FII-pM/"
"1750160866-22","https://www.instagram.com/wheremylifegoess","","https://www.instagram.com/wheremylifegoess/p/DKNIceMo3FP/"
"1750160866-23","https://www.instagram.com/wheremylifegoess","Carousel","https://www.instagram.com/wheremylifegoess/p/DKKlmCKoKDZ/"
"1750160866-24","https://www.instagram.com/wheremylifegoess","Carousel","https://www.instagram.com/wheremylifegoess/p/DKH6-sxBx0L/"
"1750160866-25","https://www.instagram.com/wheremylifegoess","Instagram","https://www.instagram.com/"
